model,des,split,auc_roc,f1_score,acc,mcc
SVM,MACCS,random,0.9324703214984388,0.858924291418152,0.8632355854963345,0.7261547586421615
